{
  "view_count": {
    "test_r2": 0.8731560856113395,
    "test_rmse": 0.21431531388611288
  },
  "like_count": {
    "test_r2": 0.8735046637989167,
    "test_rmse": 0.21327728601626747
  },
  "comment_count": {
    "test_r2": 0.8769459139004349,
    "test_rmse": 0.20332473960037833
  }
}